Item Number,Item Title,Item Description,Item Quantity,Unit of Measure,Consignee ID,Delivery Period (In number of days),,,,,
1,Dental floss with grip handle 50 pcs in box,Dental floss with grip handle 50 pcs in box,25,Pkt,gemjhansi2,30,,,,,
2,Suction tips pkt of 100,Suction tips pkt of 100,100,Pkt,gemjhansi2,30,,,,,
3,Pulp Devitalizer,Pulp Devitalizer,4,Pkt,gemjhansi2,30,,,,,
4,Ketac molar Restorative Glass Ionomer Cement with high flexural strength pkt contains powder liquidmixing pad and plastic scoop,Ketac molar Restorative Glass Ionomer Cement with high flexural strength pkt contains powder liquidmixing pad and plastic scoop,4,Pkt,gemjhansi2,30,,,,,
5,Gum Paint contains Tannic acid glycerine 27 Percentage  Potassium Iodide IP  bott of 15 ml,Gum Paint contains Tannic acid glycerine 27 Percentage  Potassium Iodide IP  bott of 15 ml,250,Bott,gemjhansi2,30,,,,,
6,Lidocaine Topical Aerosol USP Surface Anaesthetic bott of 100gm,Lidocaine Topical Aerosol USP Surface Anaesthetic bott of 100gm,6,Bott,gemjhansi2,30,,,,,
7,Dental Napkin Size 15 x 15 cm Pkt of 100,Dental Napkin Size 15 x 15 cm Pkt of 100,25,Pkt,gemjhansi2,30,,,,,
8,Bur diamond round BR 40 for Airotor hand piece ,Bur diamond round BR 40 for Airotor hand piece ,50,No,gemjhansi2,30,,,,,
9,Bur diamond inverted cone SI 47 for Airotor hand piece ,Bur diamond inverted cone SI 47 for Airotor hand piece ,50,No,gemjhansi2,30,,,,,
10,Bur diamond straight fissure SF 31 for Airotor hand piece ,Bur diamond straight fissure SF 31 for Airotor hand piece ,50,No,gemjhansi2,30,,,,,
11,Bur diamond tapered fissure TF 13 for Airotor hand piece ,Bur diamond tapered fissure TF 13 for Airotor hand piece ,30,No,gemjhansi2,30,,,,,
12,Bur diamond flame shape FO 25 for Airotor handpiece,Bur diamond flame shape FO 25 for Airotor handpiece,10,No,gemjhansi2,30,,,,,
13,Bur diamond flame shape FO 32 for Airotor handpiece,Bur diamond flame shape FO 32 for Airotor handpiece,10,No,gemjhansi2,30,,,,,
14,Etchant gel with 37 Percentage Orthophosphoric acid in syringe of 5 gm,Etchant gel with 37 Percentage Orthophosphoric acid in syringe of 5 gm,10,Syr,gemjhansi2,30,,,,,
15,Endodontic NiTi K files length 21mm size 15 set of 06,Endodontic NiTi K files length 21mm size 15 set of 06,10,Set,gemjhansi2,30,,,,,
16,Endodontic NiTi K files length 21mm size 20 set of 06,Endodontic NiTi K files length 21mm size 20 set of 06,10,Set,gemjhansi2,30,,,,,
17,Endodontic NiTi K files length 21mm size 25 set of 06,Endodontic NiTi K files length 21mm size 25 set of 06,10,Set,gemjhansi2,30,,,,,
18,Endodontic NiTi K files length 21mm size 30 set of 06,Endodontic NiTi K files length 21mm size 30 set of 06,5,Set,gemjhansi2,30,,,,,
19,Absorbent Paper Points 2 Percentage,Absorbent Paper Points 2 Percentage,8,Pkt,gemjhansi2,30,,,,,
20,Absorbent Paper Points 4 Percentage,Absorbent Paper Points 4 Percentage,8,Pkt,gemjhansi2,30,,,,,
21,Absorbent Paper Points F1 F2 F3,Absorbent Paper Points F1 F2 F3,8,Pkt,gemjhansi2,30,,,,,
22,Endodontic NiTi K files length 25mm size 15 set of 06,Endodontic NiTi K files length 25mm size 15 set of 06,5,Set,gemjhansi2,30,,,,,
23,Endodontic NiTi K files length 25mm size 20 set of 06,Endodontic NiTi K files length 25mm size 20 set of 06,5,Set,gemjhansi2,30,,,,,
24,Endodontic NiTi K files length 25mm size 25 set of 06,Endodontic NiTi K files length 25mm size 25 set of 06,5,Set,gemjhansi2,30,,,,,
25,Endodontic NiTi K files length 25mm size 30 set of 06,Endodontic NiTi K files length 25mm size 30 set of 06,5,Set,gemjhansi2,30,,,,,
26,Light Cured Calcium hydroxide paste Dycal Pkt contains 02 tubes,Light Cured Calcium hydroxide paste Dycal Pkt contains 02 tubes,6,Pkt,gemjhansi2,30,,,,,
27,Applicator tips Pkt of 100,Applicator tips Pkt of 100,6,Pkt,gemjhansi2,30,,,,,
28,H files size 15 length 21mm set of 06,H files size 15 length 21mm set of 06,10,Set,gemjhansi2,30,,,,,
29,H files size 20 length 21mm set of 06,H files size 20 length 21mm set of 06,10,Set,gemjhansi2,30,,,,,
30,H files size 25 length 21mm set of 06,H files size 25 length 21mm set of 06,10,Set,gemjhansi2,30,,,,,
31,H files size 30 length 21mm set of 06,H files size 30 length 21mm set of 06,10,Set,gemjhansi2,30,,,,,
32,Formocresol solution bott of 15ml,Formocresol solution bott of 15ml,6,Bott,gemjhansi2,30,,,,,
33,Inj lignocaine 2 Percentage with adrenaline 1 is to 80000 bott of 30 ml,Inj lignocaine 2 Percentage with adrenaline 1 is to 80000 bott of 30 ml,50,Vial,gemjhansi2,30,,,,,
34,Inj Lignocaine HCL without  Adrenaline contains Lignocaine hydrochloride IP 20 mg Methylparaben,Inj Lignocaine HCL without  Adrenaline contains Lignocaine hydrochloride IP 20 mg Methylparaben,20,Vial,gemjhansi2,30,,,,,
35,Betadine Gargle bott of 50 ml,Betadine Gargle bott of 50 ml,30,Bott,gemjhansi2,30,,,,,
36,Betadine Povidine Iodine solution IP 5 Percentage wv 500ml,Betadine Povidine Iodine solution IP 5 Percentage wv 500ml,12,Bott,gemjhansi2,30,,,,,
37,Sodium hypochlorite sol 5 Percentage for canal irrigation with sodium hypochlorite 5 Percentage wv Excipients  bott of 500 ml,Sodium hypochlorite sol 5 Percentage for canal irrigation with sodium hypochlorite 5 Percentage wv Excipients  bott of 500 ml,10,Bott,gemjhansi2,30,,,,,
38,Unbranded intra oral or Dental examination PMT set  1 Dental  mouth mirror  1 Tweezers  and 1 Dental Explorer Disposable  PMT set,Unbranded intra oral or Dental examination PMT set  1 Dental  mouth mirror  1 Tweezers  and 1 Dental Explorer Disposable  PMT set,50,Set,gemjhansi2,30,,,,,
39,Micro motor straight surgical carbide bur HP 703,Micro motor straight surgical carbide bur HP 703,25,No,gemjhansi2,30,,,,,
40,Micro motor round surgical carbide bur HP 06,Micro motor round surgical carbide bur HP 06,15,No,gemjhansi2,30,,,,,
41,EDTA gel with 10 Percentage carbamide peroxide EDTA gel for root canals syringe of 2g with applicator tips,EDTA gel with 10 Percentage carbamide peroxide EDTA gel for root canals syringe of 2g with applicator tips,30,Syr,gemjhansi2,30,,,,,
42,Antiseptic Solution for Hand Hygiene bott contains Chlorhexidine Gluconate IP 0 point 5 Percentage wv Ethyl Alcohol IP 70 Percentage Bott of 500ml,Antiseptic Solution for Hand Hygiene bott contains Chlorhexidine Gluconate IP 0 point 5 Percentage wv Ethyl Alcohol IP 70 Percentage Bott of 500ml,10,Bott,gemjhansi2,30,,,,,
43,Mouth Mirror tops No 5 pkt of 12 pieces,Mouth Mirror tops No 5 pkt of 12 pieces,10,Pkt,gemjhansi2,30,,,,,
44,Glass Ionomer cement Type 1 Luting,Glass Ionomer cement Type 1 Luting,6,Pkt,gemjhansi2,30,,,,,
45,Inter dental brush narrow space pkt of 05,Inter dental brush narrow space pkt of 05,50,Pkt,gemjhansi2,30,,,,,
46,Mucopain gel contains Benzocaine IP 20 Percentage in watermiscible base tube of 15 g,Mucopain gel contains Benzocaine IP 20 Percentage in watermiscible base tube of 15 g,200,Bott,gemjhansi2,30,,,,,
47,Metapex Calcium Hydroxide with Iodoform Root Canal filling material,Metapex Calcium Hydroxide with Iodoform Root Canal filling material,4,Pkt,gemjhansi2,30,,,,,
48,K files size 06 length 21mm set of 06,K files size 06 length 21mm set of 06,10,Set,gemjhansi2,30,,,,,
49,K files size 08 length 21mm set of 06,K files size 08 length 21mm set of 06,10,Set,gemjhansi2,30,,,,,
50,K files size 10 length 21mm set of 06,K files size 10 length 21mm set of 06,10,Set,gemjhansi2,30,,,,,
51,Handpiece Lubricating spray Bott contains 500ml,Handpiece Lubricating spray Bott contains 500ml,6,Bott,gemjhansi2,30,,,,,
52,Temporary filling material contains Eugenol based pkt of 40gm,Temporary filling material contains Eugenol based pkt of 40gm,10,Pkt,gemjhansi2,30,,,,,
53,Light cured Pit and Fissure sealant Pkt contains 02 tubes,Light cured Pit and Fissure sealant Pkt contains 02 tubes,5,Pkt,gemjhansi2,30,,,,,
54,Nitrile Gloves medium Pkt of 100,Nitrile Gloves medium Pkt of 100,50,Pkt,gemjhansi2,30,,,,,
55,Savlon Antiseptic Disinfectant liquid Bott of 1L,Savlon Antiseptic Disinfectant liquid Bott of 1L,8,Bott,gemjhansi2,30,,,,,
56,Articulating Paper pkt contains 10 sheets,Articulating Paper pkt contains 10 sheets,15,Pkt,gemjhansi2,30,,,,,
57,BP Blade No 15 Pkt contains 100 Pcs,BP Blade No 15 Pkt contains 100 Pcs,3,Pkt,gemjhansi2,30,,,,,
58,BP Blade No 12 Pkt contains 100 Pcs,BP Blade No 12 Pkt contains 100 Pcs,2,Pkt,gemjhansi2,30,,,,,
59,Haemostatic Gelatin Sponge USP contains 32 sterile Sponges,Haemostatic Gelatin Sponge USP contains 32 sterile Sponges,10,Pkt,gemjhansi2,30,,,,,
60,Desensitizing Tooth Paste tube of 50g with Potassium nitrate 5 Percentage ww Sodium monofluorophosphate USP 0 point 7 Percentage,Desensitizing Tooth Paste tube of 50g with Potassium nitrate 5 Percentage ww Sodium monofluorophosphate USP 0 point 7 Percentage,650,Tube,gemjhansi2,30,,,,,
61,K files size 06 length 25mm set of 06,K files size 06 length 25mm set of 06,5,Set,gemjhansi2,30,,,,,
62,K files size 08 length 25mm set of 06,K files size 08 length 25mm set of 06,5,Set,gemjhansi2,30,,,,,
63,K files size 10 length 25mm set of 06,K files size 10 length 25mm set of 06,5,Set,gemjhansi2,30,,,,,
64,Disposable Surgical Bouffant Head Caps pkt of 100,Disposable Surgical Bouffant Head Caps pkt of 100,3,Pkt,gemjhansi2,30,,,,, 
65,Neo Endo Endodontic NiTi rotary flex files length 21 mm Taper 4 Percentage and 6 Percentage Set of 6,Neo Endo Endodontic NiTi rotary flex files length 21 mm Taper 4 Percentage and 6 Percentage Set of 6,15,Set,gemjhansi2,30,,,,,
66,Neo Endo Endodontic NiTi rotary flex files length 25 mm Taper 4 Percentage and 6 Percentage Set of 6,Neo Endo Endodontic NiTi rotary flex files length 25 mm Taper 4 Percentage and 6 Percentage Set of 6,15,Set,gemjhansi2,30,,,,,  
67,Non Woven sponges 2 x 2 inch 4 ply Pkt contains 200pcs,Non Woven sponges 2 x 2 inch 4 ply Pkt contains 200pcs,20,Pkt,gemjhansi2,30,,,,,
68,RVG Sensor sleeves,RVG Sensor sleeves,6,Pkt,gemjhansi2,30,,,,,
69,Spreader size 20 length 21mm pkt of 06,Spreader size 20 length 21mm pkt of 06,4,Pkt,gemjhansi2,30,,,,,
70,Spreader size 25 length 21mm pkt of 06,Spreader size 25 length 21mm pkt of 06,4,Pkt,gemjhansi2,30,,,,,
71,0 point 2 Percentage Chlorhexidine mouth wash bott of 80 ml,0 point 2 Percentage Chlorhexidine mouth wash bott of 80 ml,500,Bott,gemjhansi2,30,,,,,
72,Light Cured Universal Nano Hybrid Composite Kit,Light Cured Universal Nano Hybrid Composite Kit,6,Kit,gemjhansi2,30,,,,,
73,GP Points 4 Percentage size 20,GP Points 4 Percentage size 20,4,Pkt,gemjhansi2,30,,,,,
74,GP Points 4 Percentage size 25,GP Points 4 Percentage size 25,4,Pkt,gemjhansi2,30,,,,,
75,GP Points 6 Percentage size 20,GP Points 6 Percentage size 20,4,Pkt,gemjhansi2,30,,,,,
76,GP Points 6 Percentage size 25,GP Points 6 Percentage size 25,4,Pkt,gemjhansi2,30,,,,,
