Item Number,Item Title,Item Description,Item Quantity,Unit of Measure,Consignee ID,Delivery Period (In number of days)
1,Fuel Filter Set Primary and Secondary,Fuel Filter Set Primary and Secondary,1,Set,rawatlokesh5,60
2,Oil Filter,Oil Filter,1,Nos,rawatlokesh5,60
3,Hydraulic Filter,Hydraulic Filter,1,Nos,rawatlokesh5,60
4,Air Filter Set Outer and Inner,Air Filter Set Outer and Inner,1,Set,rawatlokesh5,60
5,Ignition Key Switch,Ignition Key Switch,1,Nos,rawatlokesh5,60
6,Centre Joint Seal Kit,Centre Joint Seal Kit,1,Set,rawatlokesh5,60
7,Oil Filter Hydraulic,Oil Filter Hydraulic,2,Nos,rawatlokesh5,60
8,Air Filter Set Outer and Inner,Air Filter Set Outer and Inner,2,Sets,rawatlokesh5,60
9,Filter Suction Assy,Filter Suction Assy,1,Nos,rawatlokesh5,60
10,Strainer,Strainer,1,Nos,rawatlokesh5,60
11,Element Filter,Element Filter,1,Nos,rawatlokesh5,60
12,Grease Nipple,Grease Nipple,2,Pkts,rawatlokesh5,60
13,Fuel Filter Element,Fuel Filter Element,2,Nos,rawatlokesh5,60
14,Fuel Water Separator,Fuel Water Separator,2,Nos,rawatlokesh5,60
15,Engine Oil Filter,Engine Oil Filter,2,Nos,rawatlokesh5,60
16,Bucket Teeth,Bucket Teeth,15,Nos,rawatlokesh5,60
17,Bucket Teeth Locking Pin,Bucket Teeth Locking Pin,15,Nos,rawatlokesh5,60
18,Lock Washer,Lock Washer,15,Nos,rawatlokesh5,60
19,Charging Nipple,Charging Nipple,15,Nos,rawatlokesh5,60
20,Front Movable Window Assy,Front Movable Window Assy,1,Nos,rawatlokesh5,60
21,Glass Lower,Glass Lower,1,Nos,rawatlokesh5,60
22,Sprocket,Sprocket,2,Nos,rawatlokesh5,60
23,Bucket Distance Piece,Bucket Distance Piece,2,Sets,rawatlokesh5,60
24,Fuel Pipe Line 19MM,Fuel Pipe Line 19MM,2,Nos,rawatlokesh5,60
25,Fuel Feed Pump,Fuel Feed Pump,2,Nos,rawatlokesh5,60
26,Fuel tank Strainer,Fuel tank Strainer,1,Nos,rawatlokesh5,60
27,"Battery 12V, 70AH","Battery 12V, 70AH",1,Nos,rawatlokesh5,60
28,Vibrator Hydraulic Hose,Vibrator Hydraulic Hose,1,Nos,rawatlokesh5,60
29,Charging Nipple,Charging Nipple,2,Nos,rawatlokesh5,60
30,Grease Nipple,Grease Nipple,1,Pkt,rawatlokesh5,60
31,Bucket Locking Pin,Bucket Locking Pin,1,Nos,rawatlokesh5,60
32,Tooth,Tooth,10,Nos,rawatlokesh5,60
33,Pin,Pin,10,Nos,rawatlokesh5,60
34,Retainer,Retainer,10,Nos,rawatlokesh5,60
35,Fuel tank Strainer,Fuel tank Strainer,1,Nos,rawatlokesh5,60
36,Filter Element Oil EG,Filter Element Oil EG,1,Nos,rawatlokesh5,60
37,Filter Element Fuel EG,Filter Element Fuel EG,1,Nos,rawatlokesh5,60
38,Filter Element Fuel EG,Filter Element Fuel EG,1,Nos,rawatlokesh5,60
39,Filter Element HD Air Breather,Filter Element HD Air Breather,1,Nos,rawatlokesh5,60
40,Element Filter,Element Filter,1,Nos,rawatlokesh5,60
41,Air Con Filter Outer,Air Con Filter Outer,1,Nos,rawatlokesh5,60
42,Air Con Filter Inner,Air Con Filter Inner,1,Nos,rawatlokesh5,60
43,Element Filter Outer,Element Filter Outer,1,Nos,rawatlokesh5,60
44,Element Filter Inner,Element Filter Inner,1,Nos,rawatlokesh5,60
45,Fuel Element,Fuel Element,1,Nos,rawatlokesh5,60
46,Element Filter,Element Filter,1,Nos,rawatlokesh5,60
47,Charging Nipple,Charging Nipple,2,Nos,rawatlokesh5,60
48,Grease Nipple,Grease Nipple,1,Pkt,rawatlokesh5,60
49,Door Upper Glass,Door Upper Glass,1,Nos,rawatlokesh5,60
50,Bucket Locking Pin,Bucket Locking Pin,1,Nos,rawatlokesh5,60
51,Bucket Distance Piece,Bucket Distance Piece,1,Nos,rawatlokesh5,60
52,Rock Breaker Hyd Pipe Bracket,Rock Breaker Hyd Pipe Bracket,1,Nos,rawatlokesh5,60
53,Tooth Tip,Tooth Tip,5,Nos,rawatlokesh5,60
54,Pin Locking,Pin Locking,10,Nos,rawatlokesh5,60
55,Washer,Washer,10,Nos,rawatlokesh5,60
56,Air Filter Set Outer and Inner,Air Filter Set Outer and Inner,1,Set,rawatlokesh5,60
57,Oil Filter Element Hydraulic,Oil Filter Element Hydraulic,1,Nos,rawatlokesh5,60
58,Element Servo Filter,Element Servo Filter,1,Nos,rawatlokesh5,60
59,Element Return Filter,Element Return Filter,1,Nos,rawatlokesh5,60
60,Fuel Filter,Fuel Filter,1,Nos,rawatlokesh5,60
61,Glass Right Side,Glass Right Side,1,Nos,rawatlokesh5,60
62,Assembly Front Screen Front Glass,Assembly Front Screen Front Glass,1,Nos,rawatlokesh5,60
63,Front Wheel Tube,Front Wheel Tube,3,Nos,rawatlokesh5,60
64,Tooth Bucket,Tooth Bucket,16,Nos,rawatlokesh5,60
65,Bolt Plough 3 oblique 4 inch UNF X 70mm,Bolt Plough 3 oblique 4 inch UNF X 70mm,32,Nos,rawatlokesh5,60
66,Nut 3 oblique 4 inch,Nut 3 oblique 4 inch,32,Nos,rawatlokesh5,60
67,King Post Seal Kit,King Post Seal Kit,1,Set,rawatlokesh5,60
68,Air Filter,Air Filter,3,Nos,rawatlokesh5,60
69,Stainer Suction,Stainer Suction,2,Nos,rawatlokesh5,60
70,Filter Return,Filter Return,2,Nos,rawatlokesh5,60
71,Element Oil Filter,Element Oil Filter,2,Nos,rawatlokesh5,60
72,Element Filter,Element Filter,2,Nos,rawatlokesh5,60
73,Air Filter Element,Air Filter Element,1,Nos,rawatlokesh5,60
74,Filter Sedimentor,Filter Sedimentor,1,Nos,rawatlokesh5,60
75,Filter Element,Filter Element,2,Nos,rawatlokesh5,60
76,Thermostate Element,Thermostate Element,1,Nos,rawatlokesh5,60
77,Filter Oil,Filter Oil,2,Nos,rawatlokesh5,60
78,Element Servo Filter,Element Servo Filter,2,Nos,rawatlokesh5,60
79,Stablizer Base Seal,Stablizer Base Seal,1,Set,rawatlokesh5,60
80,Drill Bit 6 Feet,Drill Bit 6 Feet,5,Nos,rawatlokesh5,60
81,Drill Bit 8 Feet,Drill Bit 8 Feet,5,Nos,rawatlokesh5,60
82,Drill Bit 10 Feet,Drill Bit 10 Feet,5,Nos,rawatlokesh5,60
83,Right Side Joy Stick Complete Assy,Right Side Joy Stick Complete Assy,1,Nos,rawatlokesh5,60
84,Bucket Teeth,Bucket Teeth,10,Nos,rawatlokesh5,60
85,Washer,Washer,10,Nos,rawatlokesh5,60
86,Locking Pin,Locking Pin,10,Nos,rawatlokesh5,60
87,Ignition Key Set,Ignition Key Set,1,Nos,rawatlokesh5,60
88,Air Filter Inner,Air Filter Inner,3,Nos,rawatlokesh5,60
89,Air Filter Outer,Air Filter Outer,3,Nos,rawatlokesh5,60
90,Fuel Filter Primary,Fuel Filter Primary,3,Nos,rawatlokesh5,60
91,Fuel Filter Secondry,Fuel Filter Secondry,3,Nos,rawatlokesh5,60
92,Engine Oil Filter,Engine Oil Filter,3,Nos,rawatlokesh5,60
93,Hydraulic Filter,Hydraulic Filter,3,Nos,rawatlokesh5,60
94,Break Cylinder Kit,Break Cylinder Kit,2,Sets,rawatlokesh5,60
95,Parking Break Cable,Parking Break Cable,1,Nos,rawatlokesh5,60
96,Anabond Big 85Grms,Anabond Big 85Grms,20,Nos,rawatlokesh5,60
97,M Seal 90Grms,M Seal 90Grms,20,Nos,rawatlokesh5,60
98,Thread Tape 8MX12MM,Thread Tape 8MX12MM,20,Nos,rawatlokesh5,60
99,Terminal Battery,Terminal Battery,6,Box,rawatlokesh5,60
100,Bty Lid,Bty Lid,2,Kgs,rawatlokesh5,60
101,Grease Nipple All Size,Grease Nipple All Size,4,Pkts,rawatlokesh5,60
102,Insulation Tape 20Mtrs,Insulation Tape 20Mtrs,3,Pkts,rawatlokesh5,60
103,Benjo Washer 17mm Copper,Benjo Washer 17mm Copper,2,Pkts,rawatlokesh5,60
104,Benjo Washer 19mm Copper,Benjo Washer 19mm Copper,2,Pkts,rawatlokesh5,60
